episode_count,total_steps,mean_reward,median_reward,min_reward,max_reward,std_reward,mean_episode_length,timesteps,train/approx_kl,train/clip_fraction,train/entropy_loss,train/value_loss,train/policy_gradient_loss,train/loss,train/explained_variance,train/learning_rate,eval_mean_reward,eval_std_reward
0,3296,0.0,0.0,0.0,0.0,0.0,0.0,3296,,,,,,,,,,
0,6592,0.0,0.0,0.0,0.0,0.0,0.0,6592,0.00022599629301112145,0.0,-6.437629699707031,4.186422181129456,-0.001454674761100705,0.9896655082702637,0.13626646995544434,9.374410314646429e-05,,
0,9888,0.0,0.0,0.0,0.0,0.0,0.0,9888,0.0002513569488655776,0.0,-6.437311840057373,6.289366912841797,-0.0009603018289794818,1.5072553157806396,0.18736612796783447,9.374410314646429e-05,,
0,13184,0.0,0.0,0.0,0.0,0.0,0.0,13184,0.00023390851856675,0.0,-6.437059688568115,2.7150327444076536,-0.0010836369157101622,0.5743305683135986,0.46361881494522095,9.374410314646429e-05,,
0,16480,0.0,0.0,0.0,0.0,0.0,0.0,16480,0.0005332219297997653,0.0,-6.436490488052368,0.30656038597226143,-0.0011617432218884005,-0.04121632128953934,0.4377477765083313,9.374410314646429e-05,,
0,19776,0.0,0.0,0.0,0.0,0.0,0.0,19776,0.00043286909931339324,0.0,-6.435795831680298,0.5306664913892746,-0.0011495335670119288,0.008661426603794098,-0.5651167631149292,9.374410314646429e-05,,
0,23072,0.0,0.0,0.0,0.0,0.0,0.0,23072,0.0004040220519527793,0.0,-6.434128189086914,0.3725431337952614,-0.0008607966938320999,-0.02205071598291397,-0.33828020095825195,9.374410314646429e-05,,
0,26368,0.0,0.0,0.0,0.0,0.0,0.0,26368,0.00047504360554739833,0.0,-6.432206296920777,0.2614884927868843,-0.0012141487014762475,-0.03142206370830536,0.5676480531692505,9.374410314646429e-05,,
0,29664,0.0,0.0,0.0,0.0,0.0,0.0,29664,0.0005286604282446206,0.0,-6.428188180923462,0.36918591260910033,-0.0010917822166781831,-0.014527905732393265,-4.8386664390563965,9.374410314646429e-05,,
0,32960,0.0,0.0,0.0,0.0,0.0,0.0,32960,0.0009776634396985173,0.0,-6.425728416442871,0.28250573873519896,-0.0026850807296849412,-0.040269091725349426,-0.02462446689605713,9.374410314646429e-05,,
0,36256,0.0,0.0,0.0,0.0,0.0,0.0,36256,0.001319413655437529,0.0,-6.415830802917481,0.11390261836349964,-0.002186645263635256,-0.0623028427362442,0.5284870862960815,9.374410314646429e-05,,
0,39552,0.0,0.0,0.0,0.0,0.0,0.0,39552,0.0009790267795324326,0.0,-6.407042360305786,0.638958477973938,-0.0013564171262189007,0.03750248998403549,-0.08545947074890137,9.374410314646429e-05,,
1,42848,41252.31740914515,41252.31740914515,41252.31740914515,41252.31740914515,0.0,42187.0,42848,0.0001807919325074181,0.0,-6.428915739059448,1.5130847632884978,-0.0005922027741846137,0.2246703803539276,0.22685247659683228,9.374410314646429e-05,,
1,46144,41252.31740914515,41252.31740914515,41252.31740914515,41252.31740914515,0.0,42187.0,46144,0.00012555299326777458,0.0,-6.399839735031128,3.0089098453521728,-0.0006124784016648732,0.770866870880127,0.41236424446105957,9.374410314646429e-05,,
1,49440,41252.31740914515,41252.31740914515,41252.31740914515,41252.31740914515,0.0,42187.0,49440,0.00010828814993146807,0.0,-6.410951042175293,8.818784952163696,-0.00013401270880990522,2.006572961807251,0.6688035726547241,9.374410314646429e-05,,
1,52736,41252.31740914515,41252.31740914515,41252.31740914515,41252.31740914515,0.0,42187.0,52736,2.294813202752266e-05,0.0,-6.404298782348633,7.262673616409302,-3.7817945803908513e-05,1.4216699600219727,-0.041433095932006836,9.374410314646429e-05,111557.60493860001,2385.5355308137637
2,56032,26726.848693147218,26726.848693147218,12201.379977149283,41252.31740914515,14525.468715997933,26368.5,56032,2.2684595023747534e-05,0.0,-6.406749296188354,5.338955402374268,-0.0001324304262283249,0.9107130169868469,-0.0579986572265625,9.374410314646429e-05,,
2,59328,26726.848693147218,26726.848693147218,12201.379977149283,41252.31740914515,14525.468715997933,26368.5,59328,1.2620162124221679e-05,0.0,-6.400360822677612,6.306406116485595,-0.000146526706125627,1.4364420175552368,-0.5226514339447021,9.374410314646429e-05,,
2,62624,26726.848693147218,26726.848693147218,12201.379977149283,41252.31740914515,14525.468715997933,26368.5,62624,1.6767711713328026e-05,0.0,-6.406782722473144,5.554442143440246,-0.00012385081309389533,1.1301684379577637,-0.22592484951019287,9.374410314646429e-05,,
2,65920,26726.848693147218,26726.848693147218,12201.379977149283,41252.31740914515,14525.468715997933,26368.5,65920,1.4205653315002564e-05,0.0,-6.413632154464722,4.324968791007995,-0.00010104551186671529,0.7934324145317078,-0.09681141376495361,9.374410314646429e-05,,
2,69216,26726.848693147218,26726.848693147218,12201.379977149283,41252.31740914515,14525.468715997933,26368.5,69216,9.776988008525223e-06,0.0,-6.420629215240479,4.624501800537109,-0.00011771792685806304,0.9786534309387207,-1.4046359062194824,9.374410314646429e-05,,
2,72512,26726.848693147218,26726.848693147218,12201.379977149283,41252.31740914515,14525.468715997933,26368.5,72512,4.9236979975830764e-05,0.0,-6.417816019058227,2.7925612807273863,-0.0002991136177627141,0.4380314350128174,-1.5170049667358398,9.374410314646429e-05,,
2,75808,26726.848693147218,26726.848693147218,12201.379977149283,41252.31740914515,14525.468715997933,26368.5,75808,0.00013820966705679893,0.0,-6.420115280151367,2.1134487628936767,-0.0005714518694531989,0.2974292039871216,-0.8002588748931885,9.374410314646429e-05,,
2,79104,26726.848693147218,26726.848693147218,12201.379977149283,41252.31740914515,14525.468715997933,26368.5,79104,0.0001572486071381718,0.0,-6.427765798568726,1.9507942080497742,-0.0006375856618433317,0.27266499400138855,0.6398954391479492,9.374410314646429e-05,,
2,82400,26726.848693147218,26726.848693147218,12201.379977149283,41252.31740914515,14525.468715997933,26368.5,82400,0.00022949723643250763,0.0,-6.433204174041748,1.2425795495510101,-0.0006562801884882674,0.13914722204208374,-0.7999907732009888,9.374410314646429e-05,,
2,85696,26726.848693147218,26726.848693147218,12201.379977149283,41252.31740914515,14525.468715997933,26368.5,85696,0.00019304787565488368,0.0,-6.433610439300537,2.007483696937561,-0.0006433419553076192,0.35599175095558167,0.2208564281463623,9.374410314646429e-05,,
2,88992,26726.848693147218,26726.848693147218,12201.379977149283,41252.31740914515,14525.468715997933,26368.5,88992,0.00011822210217360407,0.0,-6.410290241241455,1.6899866580963134,-0.0004692220899187305,0.23896780610084534,-0.06393277645111084,9.374410314646429e-05,,
3,92288,32449.180150732467,41252.31740914515,12201.379977149283,43893.84306590297,14357.912414434162,30024.0,92288,0.000571368436794728,0.0,-6.4061119556427,0.3529972445219755,-0.0011844534375079264,-0.05293470248579979,-0.2017148733139038,9.374410314646429e-05,,
3,95584,32449.180150732467,41252.31740914515,12201.379977149283,43893.84306590297,14357.912414434162,30024.0,95584,0.00042941616266034544,0.0,-6.401244735717773,3.982222652435303,-6.225789216243171e-05,1.0105282068252563,0.5267691612243652,9.374410314646429e-05,,
3,98880,32449.180150732467,41252.31740914515,12201.379977149283,43893.84306590297,14357.912414434162,30024.0,98880,8.499674731865525e-05,0.0,-6.401679134368896,3.006913757324219,-0.0004158741041635494,0.5330221652984619,0.48326605558395386,9.374410314646429e-05,,
3,102176,32449.180150732467,41252.31740914515,12201.379977149283,43893.84306590297,14357.912414434162,30024.0,102176,3.0381803298951127e-05,0.0,-6.4282468318939205,3.050446963310242,-0.0002817647531610845,0.5936905145645142,0.029883205890655518,9.374410314646429e-05,,
3,105472,32449.180150732467,41252.31740914515,12201.379977149283,43893.84306590297,14357.912414434162,30024.0,105472,2.9893990358687006e-05,0.0,-6.435335683822632,6.5255969047546385,-0.00025641736436909923,1.5703654289245605,-0.1875084638595581,9.374410314646429e-05,103837.3593514,1801.4223772309713
4,108768,28836.61828255075,29625.625043575372,12201.379977149283,43893.84306590297,13919.915460581782,26368.25,108768,2.6686786441132426e-05,0.0,-6.425952482223511,7.755715417861938,-0.00029795268738439515,1.922102689743042,0.7703187465667725,9.374410314646429e-05,,
4,112064,28836.61828255075,29625.625043575372,12201.379977149283,43893.84306590297,13919.915460581782,26368.25,112064,1.7673988622846082e-05,0.0,-6.420820474624634,4.7809765338897705,-0.00022550410765305174,1.1328444480895996,0.5684642791748047,9.374410314646429e-05,,
4,115360,28836.61828255075,29625.625043575372,12201.379977149283,43893.84306590297,13919.915460581782,26368.25,115360,4.135528070037253e-05,0.0,-6.397702312469482,1.0973439037799835,-0.0004947406645271713,0.16677212715148926,-0.8064172267913818,9.374410314646429e-05,,
4,118656,28836.61828255075,29625.625043575372,12201.379977149283,43893.84306590297,13919.915460581782,26368.25,118656,0.00020001523080281913,0.0,-6.403263664245605,0.5674888372421265,-0.0009552517835686558,0.033058539032936096,0.20371884107589722,9.374410314646429e-05,,
4,121952,28836.61828255075,29625.625043575372,12201.379977149283,43893.84306590297,13919.915460581782,26368.25,121952,0.0015165280783548951,0.0,-6.419158792495727,0.19145821034908295,-0.0027191601234466843,-0.031471844762563705,0.5857585072517395,9.374410314646429e-05,,
4,125248,28836.61828255075,29625.625043575372,12201.379977149283,43893.84306590297,13919.915460581782,26368.25,125248,0.004346166271716356,0.0,-6.402999019622802,0.06759934686124325,-0.0030197410588264973,-0.06264124810695648,-0.11363804340362549,9.374410314646429e-05,,
4,128544,28836.61828255075,29625.625043575372,12201.379977149283,43893.84306590297,13919.915460581782,26368.25,128544,0.0018596553709357977,0.0,-6.408270406723022,0.19114894196391105,-0.0022932178433814343,-0.037429966032505035,-0.5136163234710693,9.374410314646429e-05,,
4,131840,28836.61828255075,29625.625043575372,12201.379977149283,43893.84306590297,13919.915460581782,26368.25,131840,0.0038896058686077595,0.0,-6.414904546737671,0.04022079147398472,-0.003366766764937257,-0.06633524596691132,0.42721760272979736,9.374410314646429e-05,,
4,135136,28836.61828255075,29625.625043575372,12201.379977149283,43893.84306590297,13919.915460581782,26368.25,135136,0.005632105283439159,0.0,-6.395843887329102,0.03670992013067007,-0.003817560524143815,-0.06685948371887207,-1.073988914489746,9.374410314646429e-05,,
4,138432,28836.61828255075,29625.625043575372,12201.379977149283,43893.84306590297,13919.915460581782,26368.25,138432,0.0028059391770511866,0.0,-6.380489301681519,0.11620285883545875,-0.0011111686589259761,-0.04776084050536156,-0.43428516387939453,9.374410314646429e-05,,
5,141728,31086.048921962793,40083.771479610965,12201.379977149283,43893.84306590297,13238.239684712527,28101.4,141728,0.0003805732703767717,0.0,-6.38052773475647,1.6735809683799743,-0.00026623408285182394,0.30773526430130005,0.8290857672691345,9.374410314646429e-05,,
5,145024,31086.048921962793,40083.771479610965,12201.379977149283,43893.84306590297,13238.239684712527,28101.4,145024,3.822576400125399e-05,0.0,-6.361893081665039,2.6554330348968507,-0.00016797011470472966,0.5098658204078674,0.8694636225700378,9.374410314646429e-05,,
5,148320,31086.048921962793,40083.771479610965,12201.379977149283,43893.84306590297,13238.239684712527,28101.4,148320,5.474885620060377e-05,0.0,-6.335917854309082,0.9741242527961731,-0.00037571445503203904,0.132379412651062,0.028659522533416748,9.374410314646429e-05,,
5,151616,31086.048921962793,40083.771479610965,12201.379977149283,43893.84306590297,13238.239684712527,28101.4,151616,0.0004613452183548361,0.0,-6.3372138977050785,0.1851382080465555,-0.0010992646965434006,-0.06618467718362808,-0.541663408279419,9.374410314646429e-05,,
5,154912,31086.048921962793,40083.771479610965,12201.379977149283,43893.84306590297,13238.239684712527,28101.4,154912,0.003573210211470723,0.0,-6.329266595840454,0.05843395795673132,-0.002377714118377128,-0.0647953525185585,-0.5794943571090698,9.374410314646429e-05,,
5,158208,31086.048921962793,40083.771479610965,12201.379977149283,43893.84306590297,13238.239684712527,28101.4,158208,0.004883849062025547,0.0,-6.288950729370117,0.009650680143386126,-0.0021876726841759896,-0.06830821931362152,-2.1695239543914795,9.374410314646429e-05,98360.2279458,9053.845507255373
6,161504,29283.871201449267,30178.377039246297,12201.379977149283,43893.84306590297,12738.984037453356,26368.166666666668,161504,0.0022263620048761368,0.0,-6.30084810256958,0.09681289345026016,-0.0006571639325169798,-0.052447523921728134,-4.050151348114014,9.374410314646429e-05,,
6,164800,29283.871201449267,30178.377039246297,12201.379977149283,43893.84306590297,12738.984037453356,26368.166666666668,164800,0.00041814823634922504,0.0,-6.278579425811768,1.3739838600158691,-0.0003058840603451074,0.24776765704154968,0.41282278299331665,9.374410314646429e-05,,
6,168096,29283.871201449267,30178.377039246297,12201.379977149283,43893.84306590297,12738.984037453356,26368.166666666668,168096,0.0045440057292580605,0.0,-6.241654109954834,0.018776293750852345,-0.003418268364271171,-0.06737012416124344,0.2880784869194031,9.374410314646429e-05,,
6,171392,29283.871201449267,30178.377039246297,12201.379977149283,43893.84306590297,12738.984037453356,26368.166666666668,171392,0.0026548507157713175,0.0,-6.265678215026855,0.1345348596572876,-0.0014052692786632015,-0.04242900758981705,-2.052957773208618,9.374410314646429e-05,,
6,174688,29283.871201449267,30178.377039246297,12201.379977149283,43893.84306590297,12738.984037453356,26368.166666666668,174688,0.0007589084561914206,0.0,-6.298546934127808,0.049113986827433107,-0.0007947697148505739,-0.06487008184194565,-0.2634878158569336,9.374410314646429e-05,,
6,177984,29283.871201449267,30178.377039246297,12201.379977149283,43893.84306590297,12738.984037453356,26368.166666666668,177984,0.002752974396571517,0.0,-6.340558576583862,0.04878140911459923,-0.002537590254169375,-0.057178135961294174,0.4025881886482239,9.374410314646429e-05,,
6,181280,29283.871201449267,30178.377039246297,12201.379977149283,43893.84306590297,12738.984037453356,26368.166666666668,181280,0.0009692910825833678,0.0,-6.381363105773926,1.138338279724121,-0.0010722265910956708,0.24680376052856445,0.8411596417427063,9.374410314646429e-05,,
6,184576,29283.871201449267,30178.377039246297,12201.379977149283,43893.84306590297,12738.984037453356,26368.166666666668,184576,0.0004174850764684379,0.0,-6.151837158203125,11.766337776184082,0.00017608873169194794,3.246626853942871,-0.0788034200668335,9.374410314646429e-05,,
6,187872,29283.871201449267,30178.377039246297,12201.379977149283,43893.84306590297,12738.984037453356,26368.166666666668,187872,4.475748210097663e-05,0.0,-6.154773378372193,11.368538761138916,6.750421375656401e-05,3.0326132774353027,-0.012374520301818848,9.374410314646429e-05,,
6,191168,29283.871201449267,30178.377039246297,12201.379977149283,43893.84306590297,12738.984037453356,26368.166666666668,191168,9.453557140659541e-06,0.0,-6.157325267791748,10.063334751129151,-8.401870143757151e-05,2.563385486602783,0.06340378522872925,9.374410314646429e-05,,
6,194464,29283.871201449267,30178.377039246297,12201.379977149283,43893.84306590297,12738.984037453356,26368.166666666668,194464,1.4873655345581938e-05,0.0,-6.155587100982666,7.457891178131104,-9.045525608311066e-05,1.7131634950637817,0.1369829773902893,9.374410314646429e-05,,
6,197760,29283.871201449267,30178.377039246297,12201.379977149283,43893.84306590297,12738.984037453356,26368.166666666668,197760,2.630026028782595e-05,0.0,-6.145345449447632,5.913466739654541,-0.0001990645728255913,1.1990375518798828,-0.0280606746673584,9.374410314646429e-05,,
7,201056,31112.840893695804,40083.771479610965,12201.379977149283,43893.84306590297,12616.235297173449,28524.428571428572,201056,2.858151310647372e-05,0.0,-6.150991296768188,4.097991490364075,-0.00017111830819089847,0.6438412666320801,0.03890836238861084,9.374410314646429e-05,,
7,204352,31112.840893695804,40083.771479610965,12201.379977149283,43893.84306590297,12616.235297173449,28524.428571428572,204352,3.354168075020425e-05,0.0,-6.195691728591919,2.692720913887024,-0.00016129623020617602,0.5466158986091614,0.8331941366195679,9.374410314646429e-05,,
7,207648,31112.840893695804,40083.771479610965,12201.379977149283,43893.84306590297,12616.235297173449,28524.428571428572,207648,2.1922953237663023e-05,0.0,-6.2025126934051515,1.4409803867340087,-5.064897374040811e-05,0.29129743576049805,-0.24794769287109375,9.374410314646429e-05,,
7,210944,31112.840893695804,40083.771479610965,12201.379977149283,43893.84306590297,12616.235297173449,28524.428571428572,210944,4.9815505917649716e-05,0.0,-6.223392724990845,0.6006415158510208,-0.00030458425374320087,0.01254183053970337,-0.6290043592453003,9.374410314646429e-05,98595.6552756,6972.653401944048
8,214240,28908.878964362804,30178.377039246297,12201.379977149283,43893.84306590297,13163.409749798268,26368.125,214240,0.0002309104020241648,0.0,-6.215610599517822,0.24828824028372765,-0.00052546271703231,-0.04789338633418083,-0.3206826448440552,9.374410314646429e-05,,
8,217536,28908.878964362804,30178.377039246297,12201.379977149283,43893.84306590297,13163.409749798268,26368.125,217536,9.610682900529355e-05,0.0,-6.296986484527588,14.355075550079345,-3.824788154815906e-05,4.146486759185791,0.4938448667526245,9.374410314646429e-05,,
8,220832,28908.878964362804,30178.377039246297,12201.379977149283,43893.84306590297,13163.409749798268,26368.125,220832,3.013107016158756e-05,0.0,-6.221612024307251,9.884172725677491,-0.0001272599607318625,2.5447425842285156,0.043480634689331055,9.374410314646429e-05,,
8,224128,28908.878964362804,30178.377039246297,12201.379977149283,43893.84306590297,13163.409749798268,26368.125,224128,1.0545953045948409e-05,0.0,-6.253897714614868,9.429113578796386,-0.00011316352663186535,2.282019853591919,0.393401563167572,9.374410314646429e-05,,
8,227424,28908.878964362804,30178.377039246297,12201.379977149283,43893.84306590297,13163.409749798268,26368.125,227424,7.383471256616758e-06,0.0,-6.310772180557251,8.749676370620728,-9.278241328303238e-05,1.9735829830169678,-0.4304642677307129,9.374410314646429e-05,,
8,230720,28908.878964362804,30178.377039246297,12201.379977149283,43893.84306590297,13163.409749798268,26368.125,230720,1.7931666661752388e-05,0.0,-6.312295055389404,5.712420701980591,-0.00027217530645771146,1.1547151803970337,0.7817197442054749,9.374410314646429e-05,,
8,234016,28908.878964362804,30178.377039246297,12201.379977149283,43893.84306590297,13163.409749798268,26368.125,234016,1.0688924703572411e-05,0.0,-6.341242170333862,5.473951244354248,-0.00011760776186946487,1.0820118188858032,0.5627180337905884,9.374410314646429e-05,,
8,237312,28908.878964362804,30178.377039246297,12201.379977149283,43893.84306590297,13163.409749798268,26368.125,237312,1.4272906810219865e-05,0.0,-6.2690506935119625,2.188483387231827,-5.843595245380584e-05,0.11778014153242111,-0.10526752471923828,9.374410314646429e-05,,
8,240608,28908.878964362804,30178.377039246297,12201.379977149283,43893.84306590297,13163.409749798268,26368.125,240608,0.00028854719130322337,0.0,-6.2251111507415775,0.5157018093392253,-0.0008110221747671176,-0.06254792213439941,0.338142991065979,9.374410314646429e-05,,
8,243904,28908.878964362804,30178.377039246297,12201.379977149283,43893.84306590297,13163.409749798268,26368.125,243904,0.002649386180564761,0.0,-6.206441974639892,0.21517144599929452,-0.0022307276129538423,-0.062888503074646,0.7414542436599731,9.374410314646429e-05,,
8,247200,28908.878964362804,30178.377039246297,12201.379977149283,43893.84306590297,13163.409749798268,26368.125,247200,0.005094919353723526,0.0,-6.242556810379028,0.07719791932031513,-0.004129458581395795,-0.0669463723897934,-0.20956408977508545,9.374410314646429e-05,,
9,250496,30147.246612084837,40054.187793861114,12201.379977149283,43893.84306590297,12895.385776639661,27466.777777777777,250496,0.004216399509459734,0.0,-6.304858064651489,0.18941657692193986,-0.0016049115534576331,-0.04077640920877457,-0.4162062406539917,9.374410314646429e-05,,
9,253792,30147.246612084837,40054.187793861114,12201.379977149283,43893.84306590297,12895.385776639661,27466.777777777777,253792,0.00023151375353336334,0.0,-6.326982069015503,2.6423694849014283,-0.0001351543343897532,0.5705609321594238,0.6620112657546997,9.374410314646429e-05,,
9,257088,30147.246612084837,40054.187793861114,12201.379977149283,43893.84306590297,12895.385776639661,27466.777777777777,257088,4.310895019443706e-05,0.0,-6.280769157409668,1.5242904067039489,-8.320909898884565e-06,0.15173283219337463,-0.5292131900787354,9.374410314646429e-05,,
9,260384,30147.246612084837,40054.187793861114,12201.379977149283,43893.84306590297,12895.385776639661,27466.777777777777,260384,3.244217805331573e-05,0.0,-6.29130916595459,0.8372381418943405,-0.00021745606975116517,0.034258678555488586,0.8958334922790527,9.374410314646429e-05,,
9,263680,30147.246612084837,40054.187793861114,12201.379977149283,43893.84306590297,12895.385776639661,27466.777777777777,263680,0.000206158627406694,0.0,-6.305901432037354,0.3794074349105358,-0.0008974117858912223,-0.039344146847724915,0.3522651195526123,9.374410314646429e-05,103765.08174079999,7015.742966120381
10,266976,28993.892162998945,30163.585196371372,12201.379977149283,43893.84306590297,12713.532760903257,26368.1,266976,0.000982689089141786,0.0,-6.302969980239868,0.21645532436668874,-0.0021214150349237572,-0.056811779737472534,0.357332706451416,9.374410314646429e-05,,
10,270272,28993.892162998945,30163.585196371372,12201.379977149283,43893.84306590297,12713.532760903257,26368.1,270272,0.00045420616515912116,0.0,-6.307542514801026,1.2360074877738954,-0.0005060040588644287,0.23433685302734375,-0.34904909133911133,9.374410314646429e-05,,
10,273568,28993.892162998945,30163.585196371372,12201.379977149283,43893.84306590297,12713.532760903257,26368.1,273568,0.0007160677923820913,0.0,-6.2695118427276615,0.08216216750442981,-0.0009666425589777816,-0.054424628615379333,-0.10315966606140137,9.374410314646429e-05,,
10,276864,28993.892162998945,30163.585196371372,12201.379977149283,43893.84306590297,12713.532760903257,26368.1,276864,0.00030181987676769495,0.0,-6.362804269790649,1.4863774061203003,-6.595451992428281e-05,0.25237953662872314,0.807665228843689,9.374410314646429e-05,,
10,280160,28993.892162998945,30163.585196371372,12201.379977149283,43893.84306590297,12713.532760903257,26368.1,280160,9.102885815082118e-05,0.0,-6.356167984008789,0.8141387194395066,-0.0002898181677789324,-0.012334998697042465,0.6198984980583191,9.374410314646429e-05,,
10,283456,28993.892162998945,30163.585196371372,12201.379977149283,43893.84306590297,12713.532760903257,26368.1,283456,0.00023353405413217843,0.0,-6.359213924407959,0.5252788543701172,-0.0006530350671860141,-0.011247120797634125,0.27287769317626953,9.374410314646429e-05,,
10,286752,28993.892162998945,30163.585196371372,12201.379977149283,43893.84306590297,12713.532760903257,26368.1,286752,0.00035302044125273824,0.0,-6.371175718307495,0.78508280813694,-0.0004593165164056501,0.03257086127996445,0.21682822704315186,9.374410314646429e-05,,
10,290048,28993.892162998945,30163.585196371372,12201.379977149283,43893.84306590297,12713.532760903257,26368.1,290048,8.448227890767157e-05,0.0,-6.391461563110352,0.8366965800523758,-0.0003812737709324665,0.0025272518396377563,0.5168490409851074,9.374410314646429e-05,,
10,293344,28993.892162998945,30163.585196371372,12201.379977149283,43893.84306590297,12713.532760903257,26368.1,293344,8.224121120292693e-05,0.0,-6.4058443069458,0.399912565946579,-0.00036091019922537273,-0.018571246415376663,-14.206995010375977,9.374410314646429e-05,,
10,296640,28993.892162998945,30163.585196371372,12201.379977149283,43893.84306590297,12713.532760903257,26368.1,296640,0.0008183083846233785,0.0,-6.357052373886108,0.10939705073833465,-0.0020206424226397956,-0.0429365448653698,-2.0259058475494385,9.374410314646429e-05,,
11,299936,30667.698277632022,40054.187793861114,12201.379977149283,47405.759423962816,13227.10066718307,27259.454545454544,299936,0.0017786576645448804,0.0,-6.319067907333374,0.09899718686938286,-0.003089973320099482,-0.04905525594949722,-0.5680919885635376,9.374410314646429e-05,,
11,303232,30667.698277632022,40054.187793861114,12201.379977149283,47405.759423962816,13227.10066718307,27259.454545454544,303232,0.000646390370093286,0.0,-6.400977849960327,0.08670147955417633,-0.0008618420459419518,-0.04717525839805603,0.877397358417511,9.374410314646429e-05,,
11,306528,30667.698277632022,40054.187793861114,12201.379977149283,47405.759423962816,13227.10066718307,27259.454545454544,306528,0.00015735426859464496,0.0,-6.323960781097412,6.9721098899841305,0.00040034342012376103,1.5757668018341064,0.5637223124504089,9.374410314646429e-05,,
11,309824,30667.698277632022,40054.187793861114,12201.379977149283,47405.759423962816,13227.10066718307,27259.454545454544,309824,1.642319512029644e-05,0.0,-6.348212194442749,2.2350948214530946,-8.593798398228713e-05,0.2819612920284271,0.7200353741645813,9.374410314646429e-05,,
11,313120,30667.698277632022,40054.187793861114,12201.379977149283,47405.759423962816,13227.10066718307,27259.454545454544,313120,0.0001353857951471582,0.0,-6.322502756118775,0.3462162151932716,-0.00043221012337610885,-0.023485183715820312,0.7109529376029968,9.374410314646429e-05,,
11,316416,30667.698277632022,40054.187793861114,12201.379977149283,47405.759423962816,13227.10066718307,27259.454545454544,316416,0.0008337927865795791,0.0,-6.347596216201782,0.3002295583486557,-0.0008883943873794209,0.0027171149849891663,-0.5720577239990234,9.374410314646429e-05,110480.7520148,12649.388908014136
12,319712,29904.546732756324,30782.033766492365,12201.379977149283,47405.759423962816,12914.44588331428,26368.083333333332,319712,0.0005772291915491223,0.0,-6.354623603820801,0.258329413831234,-0.0009700676476921188,-0.004679650068283081,-0.07771098613739014,9.374410314646429e-05,,
12,323008,29904.546732756324,30782.033766492365,12201.379977149283,47405.759423962816,12914.44588331428,26368.083333333332,323008,0.00013225719158072025,0.0,-6.294359445571899,1.1655126631259918,-0.0003587467457691673,0.17112699151039124,0.6922768354415894,9.374410314646429e-05,,
12,326304,29904.546732756324,30782.033766492365,12201.379977149283,47405.759423962816,12914.44588331428,26368.083333333332,326304,0.00011906373401870951,0.0,-6.2518665313720705,0.30823624804615973,-0.0006556060060901814,-0.03405872359871864,0.284792423248291,9.374410314646429e-05,,
12,329600,29904.546732756324,30782.033766492365,12201.379977149283,47405.759423962816,12914.44588331428,26368.083333333332,329600,0.000447278463980183,0.0,-6.232610130310059,0.21344003230333328,-0.0010044538662718594,-0.030263282358646393,0.2834393382072449,9.374410314646429e-05,,
12,332896,29904.546732756324,30782.033766492365,12201.379977149283,47405.759423962816,12914.44588331428,26368.083333333332,332896,0.0004576870705932379,0.0,-6.305724477767944,0.3070510298013687,-0.0010716510492430943,0.011088117957115173,-1.61350679397583,9.374410314646429e-05,,
12,336192,29904.546732756324,30782.033766492365,12201.379977149283,47405.759423962816,12914.44588331428,26368.083333333332,336192,0.000696853909175843,0.0,-6.335924673080444,0.12418684288859368,-0.001559852423766306,-0.04129250347614288,0.046303749084472656,9.374410314646429e-05,,
12,339488,29904.546732756324,30782.033766492365,12201.379977149283,47405.759423962816,12914.44588331428,26368.083333333332,339488,0.004135886672884226,0.0,-6.381915664672851,0.06562245935201645,-0.0035554659024764844,-0.057086750864982605,-0.45382559299468994,9.374410314646429e-05,,
12,342784,29904.546732756324,30782.033766492365,12201.379977149283,47405.759423962816,12914.44588331428,26368.083333333332,342784,0.0031493310816586018,0.0,-6.395435810089111,0.046111082471907136,-0.0019261469421408607,-0.0654478669166565,0.005992412567138672,9.374410314646429e-05,,
13,346080,30555.95499427907,38372.85413255201,12201.379977149283,47405.759423962816,12611.322307577213,26502.46153846154,346080,0.0013240050757303834,0.0,-6.398479747772217,0.05739123038947582,-0.0018208701747866485,-0.05736987292766571,-1.666196584701538,9.374410314646429e-05,,
13,349376,30555.95499427907,38372.85413255201,12201.379977149283,47405.759423962816,12611.322307577213,26502.46153846154,349376,0.00027260297792963684,0.0,-6.386247348785401,0.39859813153743745,-0.000595092321912638,0.028003618121147156,0.22016888856887817,9.374410314646429e-05,,
13,352672,30555.95499427907,38372.85413255201,12201.379977149283,47405.759423962816,12611.322307577213,26502.46153846154,352672,0.0004617715021595359,0.0,-6.233525800704956,0.08128029368817806,-0.0009552020988547128,-0.05133114010095596,0.129907488822937,9.374410314646429e-05,,
13,355968,30555.95499427907,38372.85413255201,12201.379977149283,47405.759423962816,12611.322307577213,26502.46153846154,355968,0.0015534530393779278,0.0,-6.257776927947998,0.02182715404778719,-0.0016257462122402089,-0.06296081840991974,0.05530893802642822,9.374410314646429e-05,,
13,359264,30555.95499427907,38372.85413255201,12201.379977149283,47405.759423962816,12611.322307577213,26502.46153846154,359264,0.000981673365458846,0.0,-6.389714145660401,0.19264572262763976,-0.0022823531046968657,-0.023045163601636887,-0.13833296298980713,9.374410314646429e-05,,
13,362560,30555.95499427907,38372.85413255201,12201.379977149283,47405.759423962816,12611.322307577213,26502.46153846154,362560,0.0006536349537782371,0.0,-6.406090641021729,0.29863972067832945,-0.001083162865936016,0.0027653276920318604,0.051889777183532715,9.374410314646429e-05,,
13,365856,30555.95499427907,38372.85413255201,12201.379977149283,47405.759423962816,12611.322307577213,26502.46153846154,365856,0.00030133529799059033,0.0,-6.3770617008209225,0.2546165302395821,-0.0005270539028352173,-0.003982074558734894,0.058401644229888916,9.374410314646429e-05,,
13,369152,30555.95499427907,38372.85413255201,12201.379977149283,47405.759423962816,12611.322307577213,26502.46153846154,369152,0.0010931676952168345,0.0,-6.408626413345337,0.062367548048496244,-0.002022261625069355,-0.058735642582178116,-1.1857435703277588,9.374410314646429e-05,130787.79380839998,14190.207175538257
14,372448,30720.35566631215,35615.20926764712,12201.379977149283,47405.759423962816,12167.021804358663,26368.071428571428,372448,0.0013357556890696287,0.0,-6.39672441482544,0.025428436882793903,-0.0017407082466429635,-0.06563965231180191,-0.02935004234313965,9.374410314646429e-05,,
14,375744,30720.35566631215,35615.20926764712,12201.379977149283,47405.759423962816,12167.021804358663,26368.071428571428,375744,0.00017012494208756834,0.0,-6.3506755352020265,0.604002034664154,-0.0001224962253246531,0.055124588310718536,0.3580312728881836,9.374410314646429e-05,,
14,379040,30720.35566631215,35615.20926764712,12201.379977149283,47405.759423962816,12167.021804358663,26368.071428571428,379040,4.0096620068652555e-05,0.0,-6.339733552932739,0.9199828445911408,-0.0003641544904382954,0.09324780851602554,-0.003167390823364258,9.374410314646429e-05,,
14,382336,30720.35566631215,35615.20926764712,12201.379977149283,47405.759423962816,12167.021804358663,26368.071428571428,382336,0.0002236894069937989,0.0,-6.415897560119629,0.12508482858538628,-0.0011828306134384903,-0.038274072110652924,-1.3566265106201172,9.374410314646429e-05,,
14,385632,30720.35566631215,35615.20926764712,12201.379977149283,47405.759423962816,12167.021804358663,26368.071428571428,385632,0.000124999787658453,0.0,-6.3486823558807375,0.255218131840229,-0.0007509943366157401,-0.0038491711020469666,0.5284750461578369,9.374410314646429e-05,,
14,388928,30720.35566631215,35615.20926764712,12201.379977149283,47405.759423962816,12167.021804358663,26368.071428571428,388928,0.0004028776311315596,0.0,-6.411761093139648,0.09730935692787171,-0.0015596743605200691,-0.04369189962744713,-0.9326291084289551,9.374410314646429e-05,,
14,392224,30720.35566631215,35615.20926764712,12201.379977149283,47405.759423962816,12167.021804358663,26368.071428571428,392224,0.0004408819950185716,0.0,-6.400261640548706,0.08648639991879463,-0.0006868149766020793,-0.048560112714767456,0.16799050569534302,9.374410314646429e-05,,
14,395520,30720.35566631215,35615.20926764712,12201.379977149283,47405.759423962816,12167.021804358663,26368.071428571428,395520,0.0007625913131050766,0.0,-6.3807275772094725,0.04813199900090694,-0.0006822895272271979,-0.05812070518732071,-1.1769871711730957,9.374410314646429e-05,,
15,398816,31445.084211671954,38372.85413255201,12201.379977149283,47405.759423962816,12063.190517064186,26587.533333333333,398816,0.0006281914538703859,0.0,-6.370118904113769,0.11251512207090855,-4.0759078939345275e-05,-0.051342763006687164,-3.6395463943481445,9.374410314646429e-05,,
15,402112,31445.084211671954,38372.85413255201,12201.379977149283,47405.759423962816,12063.190517064186,26587.533333333333,402112,0.0004791351966559887,0.0,-6.353364896774292,0.2028664156794548,-0.0006340980930669815,-0.01642288640141487,-0.27731287479400635,9.374410314646429e-05,,
15,405408,31445.084211671954,38372.85413255201,12201.379977149283,47405.759423962816,12063.190517064186,26587.533333333333,405408,0.0003182827204000205,0.0,-6.331264305114746,0.3243795484304428,-0.0007306040178910678,-0.013038638979196548,0.7424535751342773,9.374410314646429e-05,,
15,408704,31445.084211671954,38372.85413255201,12201.379977149283,47405.759423962816,12063.190517064186,26587.533333333333,408704,7.946010009618476e-05,0.0,-6.362293481826782,0.4174836233258247,-0.0003596599651290333,-5.0827860832214355e-05,0.8317584991455078,9.374410314646429e-05,,
15,412000,31445.084211671954,38372.85413255201,12201.379977149283,47405.759423962816,12063.190517064186,26587.533333333333,412000,5.459250314743258e-05,0.0,-6.324980354309082,0.3465661689639091,-0.00033131589579369345,-0.0022049248218536377,0.24561971426010132,9.374410314646429e-05,,
15,415296,31445.084211671954,38372.85413255201,12201.379977149283,47405.759423962816,12063.190517064186,26587.533333333333,415296,0.00019110413268208504,0.0,-6.333398532867432,0.10808366686105728,-0.0010074613241336295,-0.04862396791577339,-0.24535441398620605,9.374410314646429e-05,,
15,418592,31445.084211671954,38372.85413255201,12201.379977149283,47405.759423962816,12063.190517064186,26587.533333333333,418592,0.0002980735443998128,0.0,-6.3701979637146,0.2775601699948311,-0.0012334031886796382,0.00072430819272995,-1.4706034660339355,9.374410314646429e-05,,
15,421888,31445.084211671954,38372.85413255201,12201.379977149283,47405.759423962816,12063.190517064186,26587.533333333333,421888,0.00012819147377740592,0.0,-6.333618974685669,0.09033132568001748,-0.0002384439249899728,-0.04925614967942238,0.2087453007698059,9.374410314646429e-05,137033.157868,7478.587378577297
16,425184,31607.754804211723,36210.333912430084,12201.379977149283,47405.759423962816,11697.113145364508,26368.0625,425184,0.00037756425444968045,0.0,-6.367825698852539,0.07662292644381523,-0.0011073355801116235,-0.055592913180589676,0.44354522228240967,9.374410314646429e-05,,
16,428480,31607.754804211723,36210.333912430084,12201.379977149283,47405.759423962816,11697.113145364508,26368.0625,428480,0.00012719733058474958,0.0,-6.382333660125733,0.4945202678442001,-6.513963090561958e-05,0.026727184653282166,0.4382339119911194,9.374410314646429e-05,,
16,431776,31607.754804211723,36210.333912430084,12201.379977149283,47405.759423962816,11697.113145364508,26368.0625,431776,0.0004875779268331826,0.0,-6.306050777435303,0.0818354532122612,-0.0016661540069956792,-0.04873546212911606,-0.34176933765411377,9.374410314646429e-05,,
16,435072,31607.754804211723,36210.333912430084,12201.379977149283,47405.759423962816,11697.113145364508,26368.0625,435072,0.0009945584461092949,0.0,-6.320253658294678,0.041202808171510695,-0.0023273775173188404,-0.06070886552333832,-0.2790210247039795,9.374410314646429e-05,,
16,438368,31607.754804211723,36210.333912430084,12201.379977149283,47405.759423962816,11697.113145364508,26368.0625,438368,0.0007644525030627847,0.0,-6.385708332061768,0.05367039479315281,-0.0013882771030958806,-0.056392766535282135,0.2452392578125,9.374410314646429e-05,,
16,441664,31607.754804211723,36210.333912430084,12201.379977149283,47405.759423962816,11697.113145364508,26368.0625,441664,0.0002610679075587541,0.0,-6.384894990921021,0.12940565422177314,-0.0009847979293567733,-0.04230856895446777,0.3529903292655945,9.374410314646429e-05,,
16,444960,31607.754804211723,36210.333912430084,12201.379977149283,47405.759423962816,11697.113145364508,26368.0625,444960,0.0002498832473065704,0.0,-6.335798501968384,0.33126765340566633,-0.0005386400498856858,0.0034432709217071533,-1.061845064163208,9.374410314646429e-05,,
16,448256,31607.754804211723,36210.333912430084,12201.379977149283,47405.759423962816,11697.113145364508,26368.0625,448256,0.0002013217017520219,0.0,-6.311611270904541,0.21457952111959458,-0.0006406652870370788,-0.025964509695768356,-0.7022130489349365,9.374410314646429e-05,,
17,451552,32085.837023772183,38372.85413255201,12201.379977149283,47405.759423962816,11507.870259657406,26501.70588235294,451552,0.00021551958343479782,0.0,-6.360464572906494,0.18298081308603287,-0.0006545966284727811,-0.02834125980734825,0.04785346984863281,9.374410314646429e-05,,
17,454848,32085.837023772183,38372.85413255201,12201.379977149283,47405.759423962816,11507.870259657406,26501.70588235294,454848,0.0008053213823586702,0.0,-6.352793455123901,0.14064131900668145,-0.0018117132794040814,-0.03440019488334656,-1.081740140914917,9.374410314646429e-05,,
17,458144,32085.837023772183,38372.85413255201,12201.379977149283,47405.759423962816,11507.870259657406,26501.70588235294,458144,0.00044085440458729863,0.0,-6.343963289260865,0.1890394866466522,-0.0013515990553395474,-0.021454662084579468,0.3534369468688965,9.374410314646429e-05,,
17,461440,32085.837023772183,38372.85413255201,12201.379977149283,47405.759423962816,11507.870259657406,26501.70588235294,461440,0.0008085259469226003,0.0,-6.342067098617553,0.08002088665962219,-0.0017696872174551071,-0.048025839030742645,0.24855732917785645,9.374410314646429e-05,,
17,464736,32085.837023772183,38372.85413255201,12201.379977149283,47405.759423962816,11507.870259657406,26501.70588235294,464736,0.0009950184030458331,0.0,-6.33423810005188,0.022045443952083587,-0.0012973254403688018,-0.06428030878305435,-0.05207502841949463,9.374410314646429e-05,,
17,468032,32085.837023772183,38372.85413255201,12201.379977149283,47405.759423962816,11507.870259657406,26501.70588235294,468032,0.00048411061288788915,0.0,-6.351787376403808,0.12702760174870492,-0.001354070308538291,-0.03585459664463997,0.6744919419288635,9.374410314646429e-05,,
17,471328,32085.837023772183,38372.85413255201,12201.379977149283,47405.759423962816,11507.870259657406,26501.70588235294,471328,0.0002968196931760758,0.0,-6.337772083282471,0.3268169566988945,-0.0004763309576816255,-0.0016779527068138123,-0.14160525798797607,9.374410314646429e-05,,
17,474624,32085.837023772183,38372.85413255201,12201.379977149283,47405.759423962816,11507.870259657406,26501.70588235294,474624,0.0009361302945762873,0.0,-6.316292858123779,0.11396230086684227,-0.0017575473819059107,-0.04190390557050705,0.3928859233856201,9.374410314646429e-05,125845.07533439998,4009.4705198460715
18,477920,32240.649208038438,36622.65523655839,12201.379977149283,47405.759423962816,11201.840545980718,26368.055555555555,477920,0.0005770233110524714,0.0,-6.3599847793579105,0.11822097972035409,-0.0016238530687211039,-0.048217348754405975,0.641657292842865,9.374410314646429e-05,,
18,481216,32240.649208038438,36622.65523655839,12201.379977149283,47405.759423962816,11201.840545980718,26368.055555555555,481216,0.00015315091877710074,0.0,-6.356513452529907,0.3121388480067253,0.0005101549901965541,-0.020977891981601715,0.8244648575782776,9.374410314646429e-05,,
18,484512,32240.649208038438,36622.65523655839,12201.379977149283,47405.759423962816,11201.840545980718,26368.055555555555,484512,5.392379534896463e-05,0.0,-6.332704210281372,0.1816980868577957,-0.0003871268974740438,-0.030596334487199783,0.7766849994659424,9.374410314646429e-05,,
18,487808,32240.649208038438,36622.65523655839,12201.379977149283,47405.759423962816,11201.840545980718,26368.055555555555,487808,0.0008680359460413456,0.0,-6.291327667236328,0.11684610098600387,-0.0021565411899926445,-0.0453849658370018,0.7214758992195129,9.374410314646429e-05,,
18,491104,32240.649208038438,36622.65523655839,12201.379977149283,47405.759423962816,11201.840545980718,26368.055555555555,491104,0.003180664498358965,0.0,-6.311462259292602,0.037246931716799735,-0.0045255655562391976,-0.06598196923732758,0.6431418061256409,9.374410314646429e-05,,
18,494400,32240.649208038438,36622.65523655839,12201.379977149283,47405.759423962816,11201.840545980718,26368.055555555555,494400,0.0015482691815122962,0.0,-6.355166959762573,0.18815678656101226,-0.002020661472551999,-0.02053472399711609,-0.1011970043182373,9.374410314646429e-05,,
18,497696,32240.649208038438,36622.65523655839,12201.379977149283,47405.759423962816,11201.840545980718,26368.055555555555,497696,0.000736821093596518,0.0,-6.365590190887451,0.17226398438215257,-0.0010850846580793493,-0.024427376687526703,0.07650405168533325,9.374410314646429e-05,,
18,500992,32240.649208038438,36622.65523655839,12201.379977149283,47405.759423962816,11201.840545980718,26368.055555555555,500992,0.0005970091442577541,0.0,-6.352389574050903,0.04789445549249649,-0.0011147272406816454,-0.057736292481422424,0.2905923128128052,9.374410314646429e-05,,
19,504288,32690.639332820196,38372.85413255201,12201.379977149283,47405.759423962816,11068.95642292009,26530.42105263158,504288,0.0009915520204231143,0.0,-6.35329909324646,0.08075766339898109,-0.0018604346828476892,-0.052454471588134766,-3.0953803062438965,9.374410314646429e-05,,
19,507584,32690.639332820196,38372.85413255201,12201.379977149283,47405.759423962816,11068.95642292009,26530.42105263158,507584,0.001013788627460599,0.0,-6.372219562530518,0.03922046236693859,-0.0010955586364943092,-0.060656748712062836,0.8016698956489563,9.374410314646429e-05,,
19,510880,32690.639332820196,38372.85413255201,12201.379977149283,47405.759423962816,11068.95642292009,26530.42105263158,510880,0.00017163611482828856,0.0,-6.3240148544311525,0.31061878651380537,-0.00027926493171656077,-0.001095883548259735,0.28484660387039185,9.374410314646429e-05,,
19,514176,32690.639332820196,38372.85413255201,12201.379977149283,47405.759423962816,11068.95642292009,26530.42105263158,514176,0.000815133738797158,0.0,-6.312484169006348,0.042217200063169,-0.001689868811999773,-0.06307172030210495,0.12390929460525513,9.374410314646429e-05,,
19,517472,32690.639332820196,38372.85413255201,12201.379977149283,47405.759423962816,11068.95642292009,26530.42105263158,517472,0.0021016562823206186,0.0,-6.300441598892212,0.005640769377350807,-0.0012589816371651353,-0.06725989282131195,-0.5595525503158569,9.374410314646429e-05,,
19,520768,32690.639332820196,38372.85413255201,12201.379977149283,47405.759423962816,11068.95642292009,26530.42105263158,520768,0.001513050403445959,0.0,-6.306567049026489,0.032434920966625216,-0.0015400364099988906,-0.06160418316721916,0.32226407527923584,9.374410314646429e-05,,
19,524064,32690.639332820196,38372.85413255201,12201.379977149283,47405.759423962816,11068.95642292009,26530.42105263158,524064,0.001499593141488731,0.0,-6.288320302963257,0.02310114335268736,-0.001631087967061262,-0.0676707923412323,-0.29211318492889404,9.374410314646429e-05,,
19,527360,32690.639332820196,38372.85413255201,12201.379977149283,47405.759423962816,11068.95642292009,26530.42105263158,527360,0.0009081697789952159,0.0,-6.320518159866333,0.13965115770697595,-0.0013398555126912016,-0.03284670412540436,-0.2612699270248413,9.374410314646429e-05,128480.5400296,4560.666920530813
20,530656,32855.12862625637,37176.63966704785,12201.379977149283,47405.759423962816,10812.482800140135,26368.05,530656,0.0005000725504942238,0.0,-6.33912844657898,0.0776788353919983,-0.0010277943253331756,-0.0482814647257328,-0.032582759857177734,9.374410314646429e-05,,
20,533952,32855.12862625637,37176.63966704785,12201.379977149283,47405.759423962816,10812.482800140135,26368.05,533952,0.0007243782747536898,0.0,-6.410723638534546,0.11640537008643151,-0.002384524100821217,-0.04014938324689865,0.467018187046051,9.374410314646429e-05,,
20,537248,32855.12862625637,37176.63966704785,12201.379977149283,47405.759423962816,10812.482800140135,26368.05,537248,0.0005203297478146851,0.0,-6.362179708480835,0.1317748747766018,-0.0013072977906790407,-0.03844251111149788,-0.8566985130310059,9.374410314646429e-05,,
20,540544,32855.12862625637,37176.63966704785,12201.379977149283,47405.759423962816,10812.482800140135,26368.05,540544,0.0007402957417070866,0.0,-6.292420482635498,0.024489260837435724,-0.001216994781198011,-0.06694690138101578,0.060556888580322266,9.374410314646429e-05,,
20,543840,32855.12862625637,37176.63966704785,12201.379977149283,47405.759423962816,10812.482800140135,26368.05,543840,0.0027937095146626234,0.0,-6.293885898590088,0.06079847700893879,-0.0030185998499379974,-0.05486895889043808,0.2127971053123474,9.374410314646429e-05,,
20,547136,32855.12862625637,37176.63966704785,12201.379977149283,47405.759423962816,10812.482800140135,26368.05,547136,0.0010139073710888624,0.0,-6.3284343719482425,0.06396476030349732,-0.001476494833300457,-0.05260041356086731,0.2650461792945862,9.374410314646429e-05,,
20,550432,32855.12862625637,37176.63966704785,12201.379977149283,47405.759423962816,10812.482800140135,26368.05,550432,0.0010709315538406372,0.0,-6.3371484756469725,0.051193194836378096,-0.0017083664290359125,-0.05688857659697533,0.37241101264953613,9.374410314646429e-05,,
21,553728,33117.592995101564,38366.88037200541,12201.379977149283,47405.759423962816,10616.98651292916,26328.761904761905,553728,0.0013530546566471457,0.0,-6.3288819789886475,0.04343612901866436,-0.0010786851652226925,-0.057483553886413574,0.6323282718658447,9.374410314646429e-05,,
21,557024,33117.592995101564,38366.88037200541,12201.379977149283,47405.759423962816,10616.98651292916,26328.761904761905,557024,0.0007853400893509388,0.0,-6.348793172836304,0.05849347598850727,-0.0010777230219883194,-0.05492919310927391,0.43135493993759155,9.374410314646429e-05,,
21,560320,33117.592995101564,38366.88037200541,12201.379977149283,47405.759423962816,10616.98651292916,26328.761904761905,560320,0.00023952369519975036,0.0,-6.371498966217041,0.06996929496526719,-0.0010449412611759357,-0.050674159079790115,0.43982696533203125,9.374410314646429e-05,,
21,563616,33117.592995101564,38366.88037200541,12201.379977149283,47405.759423962816,10616.98651292916,26328.761904761905,563616,0.0005076469969935715,0.0,-6.356206369400025,0.16566363126039504,-0.0014192425174998746,-0.026585854589939117,-0.1376889944076538,9.374410314646429e-05,,
21,566912,33117.592995101564,38366.88037200541,12201.379977149283,47405.759423962816,10616.98651292916,26328.761904761905,566912,0.0002882924163714051,0.0,-6.331614637374878,0.10440268814563751,-0.0009135459293830416,-0.04395250976085663,0.30198830366134644,9.374410314646429e-05,,
21,570208,33117.592995101564,38366.88037200541,12201.379977149283,47405.759423962816,10616.98651292916,26328.761904761905,570208,0.0006554436404258013,0.0,-6.332747888565064,0.07414135783910751,-0.0008839548871743874,-0.05047409236431122,0.33956247568130493,9.374410314646429e-05,,
21,573504,33117.592995101564,38366.88037200541,12201.379977149283,47405.759423962816,10616.98651292916,26328.761904761905,573504,0.0007331854430958629,0.0,-6.335250377655029,0.04665121249854565,-0.0011501293423985704,-0.055937688797712326,0.2001301646232605,9.374410314646429e-05,,
21,576800,33117.592995101564,38366.88037200541,12201.379977149283,47405.759423962816,10616.98651292916,26328.761904761905,576800,0.001059007248841226,0.0,-6.328151035308838,0.060948796570301056,-0.0012804829017149188,-0.05222737789154053,0.06641817092895508,9.374410314646429e-05,,
21,580096,33117.592995101564,38366.88037200541,12201.379977149283,47405.759423962816,10616.98651292916,26328.761904761905,580096,0.0006046475027687848,0.0,-6.343594694137574,0.15765678957104684,-0.0005160585724165223,-0.035997092723846436,0.022997915744781494,9.374410314646429e-05,124696.6163048,13920.68112756648
22,583392,33446.21404010662,38369.86725227871,12201.379977149283,47405.759423962816,10481.630386871755,26368.045454545456,583392,0.0008906668517738581,0.0,-6.324047327041626,0.08975953385233879,-0.0011153888182889205,-0.04671638086438179,0.07358711957931519,9.374410314646429e-05,,
22,586688,33446.21404010662,38369.86725227871,12201.379977149283,47405.759423962816,10481.630386871755,26368.045454545456,586688,0.00022077010362409055,0.0,-6.2829039096832275,0.08257287964224816,-0.0007881444258367232,-0.046384796500205994,0.4548283815383911,9.374410314646429e-05,,
22,589984,33446.21404010662,38369.86725227871,12201.379977149283,47405.759423962816,10481.630386871755,26368.045454545456,589984,0.0007164236740209162,0.0,-6.28485860824585,0.05693669617176056,-0.0014476414466699562,-0.05549391731619835,0.7094693779945374,9.374410314646429e-05,,
22,593280,33446.21404010662,38369.86725227871,12201.379977149283,47405.759423962816,10481.630386871755,26368.045454545456,593280,0.0003185052191838622,0.0,-6.3111005306243895,0.08348031714558601,-0.001051352656411364,-0.04530676454305649,0.43551820516586304,9.374410314646429e-05,,
22,596576,33446.21404010662,38369.86725227871,12201.379977149283,47405.759423962816,10481.630386871755,26368.045454545456,596576,0.00040725228609517217,0.0,-6.324219417572022,0.10067305341362953,-0.0016701413467989923,-0.04127393662929535,0.35061514377593994,9.374410314646429e-05,,
22,599872,33446.21404010662,38369.86725227871,12201.379977149283,47405.759423962816,10481.630386871755,26368.045454545456,599872,0.00044027954572811723,0.0,-6.361004400253296,0.08430415689945221,-0.0012748840957675478,-0.045926131308078766,0.3859301805496216,9.374410314646429e-05,,
22,603168,33446.21404010662,38369.86725227871,12201.379977149283,47405.759423962816,10481.630386871755,26368.045454545456,603168,0.0004955626791343093,0.0,-6.352001905441284,0.04708874188363552,-0.000987494379579168,-0.05609939992427826,0.4370453953742981,9.374410314646429e-05,,
23,606464,33568.33101162199,38366.88037200541,12201.379977149283,47405.759423962816,10267.226066191071,26275.0,606464,0.00031898889574222267,0.0,-6.327490139007568,0.0808567762374878,-0.0011041348683789032,-0.04736196622252464,0.2388337254524231,9.374410314646429e-05,,
23,609760,33568.33101162199,38366.88037200541,12201.379977149283,47405.759423962816,10267.226066191071,26275.0,609760,0.00016504718223586679,0.0,-6.366679430007935,0.12738039791584016,-0.00045389324804645526,-0.04360048845410347,0.5698953866958618,9.374410314646429e-05,,
23,613056,33568.33101162199,38366.88037200541,12201.379977149283,47405.759423962816,10267.226066191071,26275.0,613056,0.0001275505346711725,0.0,-6.312049198150635,0.5665859043598175,-0.00020799425483080113,-0.012098245322704315,0.5743639469146729,9.374410314646429e-05,,
23,616352,33568.33101162199,38366.88037200541,12201.379977149283,47405.759423962816,10267.226066191071,26275.0,616352,0.0001884459488792345,0.0,-6.314334344863892,0.23393747508525847,-0.000853708602630121,-0.00519348680973053,0.5904021263122559,9.374410314646429e-05,,
23,619648,33568.33101162199,38366.88037200541,12201.379977149283,47405.759423962816,10267.226066191071,26275.0,619648,0.00019658714882098138,0.0,-6.28195629119873,0.16100684329867362,-0.0006167154553462951,-0.04217744618654251,0.20464253425598145,9.374410314646429e-05,,
23,622944,33568.33101162199,38366.88037200541,12201.379977149283,47405.759423962816,10267.226066191071,26275.0,622944,0.0006130709662102163,0.0,-6.275051212310791,0.08330159932374955,-0.0019273255036486247,-0.0505484975874424,0.5121680498123169,9.374410314646429e-05,,
23,626240,33568.33101162199,38366.88037200541,12201.379977149283,47405.759423962816,10267.226066191071,26275.0,626240,0.00020114154904149473,0.0,-6.385451221466065,0.09404711127281189,-0.0008535416727346367,-0.04231985658407211,0.3844047784805298,9.374410314646429e-05,,
24,629536,33701.62767049562,37567.16559829725,12201.379977149283,47405.759423962816,10071.358628067519,26229.416666666668,629536,0.00019218049419578165,0.0,-6.31878981590271,0.08181777596473694,-0.0010500758297338209,-0.04992574825882912,-0.12567996978759766,9.374410314646429e-05,,
24,632832,33701.62767049562,37567.16559829725,12201.379977149283,47405.759423962816,10071.358628067519,26229.416666666668,632832,0.00043346156599000096,0.0,-6.31688437461853,0.06528091914951802,-0.0010027784994147471,-0.0519341379404068,0.6499924063682556,9.374410314646429e-05,134024.58456080002,16610.21237194739
25,636128,32550.738061741737,36767.45082458909,4929.387451648566,47405.759423962816,11365.03847012618,25313.32,636128,0.00034518749453127384,0.0,-6.3040553569793705,0.08504441007971764,-0.0015654065642275229,-0.04850311949849129,-0.07704079151153564,9.374410314646429e-05,,
25,639424,32550.738061741737,36767.45082458909,4929.387451648566,47405.759423962816,11365.03847012618,25313.32,639424,0.0003637992776930332,0.0,-6.344517850875855,0.09732387885451317,-0.0012051462551770698,-0.04165215790271759,0.06160789728164673,9.374410314646429e-05,,
25,642720,32550.738061741737,36767.45082458909,4929.387451648566,47405.759423962816,11365.03847012618,25313.32,642720,0.00029907553107477725,0.0,-6.326249456405639,0.1539222553372383,-0.000858433007754833,-0.02752893790602684,0.012629926204681396,9.374410314646429e-05,,
25,646016,32550.738061741737,36767.45082458909,4929.387451648566,47405.759423962816,11365.03847012618,25313.32,646016,0.0003792734059970826,0.0,-6.293181848526001,0.05963180772960186,-0.0014055038625583548,-0.05283733084797859,0.5352225303649902,9.374410314646429e-05,,
26,649312,32164.671716178294,36511.17760477453,4929.387451648566,47405.759423962816,11310.279838663897,24898.346153846152,649312,0.0007181319524534047,0.0,-6.274193954467774,0.025234744511544706,-0.001167044453558841,-0.06269960850477219,0.2706667184829712,9.374410314646429e-05,,
26,652608,32164.671716178294,36511.17760477453,4929.387451648566,47405.759423962816,11310.279838663897,24898.346153846152,652608,0.0004292271623853594,0.0,-6.332389688491821,0.05324188731610775,-0.0016241713243200894,-0.05590423196554184,0.09393447637557983,9.374410314646429e-05,,
26,655904,32164.671716178294,36511.17760477453,4929.387451648566,47405.759423962816,11310.279838663897,24898.346153846152,655904,0.0004349708033259958,0.0,-6.3171892166137695,0.0717366524040699,-0.001632743215403698,-0.050777509808540344,0.24035286903381348,9.374410314646429e-05,,
26,659200,32164.671716178294,36511.17760477453,4929.387451648566,47405.759423962816,11310.279838663897,24898.346153846152,659200,0.00029615245875902474,0.0,-6.297602939605713,0.12484861090779305,-0.0006484416781779689,-0.03426297754049301,0.332761287689209,9.374410314646429e-05,,
26,662496,32164.671716178294,36511.17760477453,4929.387451648566,47405.759423962816,11310.279838663897,24898.346153846152,662496,0.00021963281324133277,0.0,-6.3799333572387695,0.0777321770787239,-0.0010388360075577197,-0.04729106277227402,0.30323684215545654,9.374410314646429e-05,,
27,665792,31827.727733542557,36254.90438495997,4929.387451648566,47405.759423962816,11231.045128719526,24548.777777777777,665792,0.00022371641534846276,0.0,-6.382558727264405,0.11822578310966492,-0.0009094054347443148,-0.04084637016057968,0.1268959641456604,9.374410314646429e-05,,
27,669088,31827.727733542557,36254.90438495997,4929.387451648566,47405.759423962816,11231.045128719526,24548.777777777777,669088,0.00021971492969896644,0.0,-6.298809576034546,0.07860713750123978,-0.0010860403431030897,-0.04738275706768036,0.49610650539398193,9.374410314646429e-05,,
27,672384,31827.727733542557,36254.90438495997,4929.387451648566,47405.759423962816,11231.045128719526,24548.777777777777,672384,0.00029626127798110247,0.0,-6.288301181793213,0.05897441916167736,-0.0009782893037552308,-0.05157771334052086,0.7082040309906006,9.374410314646429e-05,,
27,675680,31827.727733542557,36254.90438495997,4929.387451648566,47405.759423962816,11231.045128719526,24548.777777777777,675680,0.00030101975426077843,0.0,-6.299775266647339,0.056832263618707655,-0.0008859678604494547,-0.052718304097652435,0.33380866050720215,9.374410314646429e-05,,
27,678976,31827.727733542557,36254.90438495997,4929.387451648566,47405.759423962816,11231.045128719526,24548.777777777777,678976,0.0002944901352748275,0.0,-6.361647605895996,0.06025333255529404,-0.0008833604549260965,-0.053145334124565125,0.25698840618133545,9.374410314646429e-05,,
27,682272,31827.727733542557,36254.90438495997,4929.387451648566,47405.759423962816,11231.045128719526,24548.777777777777,682272,0.0001779101585270837,0.0,-6.3543110370635985,0.11889654770493507,-0.0007717837920317549,-0.037293728440999985,0.7229729890823364,9.374410314646429e-05,,
28,685568,31835.230600675208,36117.664793251824,4929.387451648566,47405.759423962816,11028.736286190748,24428.964285714286,685568,9.85034421319142e-05,0.0,-6.370342683792114,0.15203885585069657,-0.0004323150051931179,-0.03661436215043068,0.22524064779281616,9.374410314646429e-05,134737.69720900003,9798.471577884895
29,688864,30816.266657319764,35980.42520154369,2285.276243367397,47405.759423962816,12104.165909349374,23640.310344827587,688864,0.00018960276793222874,0.0,-6.304523944854736,0.06681991182267666,-0.0011004458110778436,-0.05074874684214592,0.52811598777771,9.374410314646429e-05,,
29,692160,30816.266657319764,35980.42520154369,2285.276243367397,47405.759423962816,12104.165909349374,23640.310344827587,692160,0.00023628887720406055,0.0,-6.2907685279846195,0.06736055463552475,-0.0011313060415895748,-0.04990500211715698,0.5609666109085083,9.374410314646429e-05,,
29,695456,30816.266657319764,35980.42520154369,2285.276243367397,47405.759423962816,12104.165909349374,23640.310344827587,695456,0.0004320119332987815,0.0,-6.259253883361817,0.081503576785326,-0.001218665792126128,-0.0463058277964592,0.26166874170303345,9.374410314646429e-05,,
29,698752,30816.266657319764,35980.42520154369,2285.276243367397,47405.759423962816,12104.165909349374,23640.310344827587,698752,0.0003065788478124887,0.0,-6.339980173110962,0.10431757867336273,-0.0013693354814059088,-0.04146137088537216,0.32916224002838135,9.374410314646429e-05,,
30,702048,30508.017195118442,35426.44077105423,2285.276243367397,47405.759423962816,12015.933261569618,23319.6,702048,0.0005283175851218402,0.0,-6.343323802947998,0.07288925498723983,-0.0016677238806154016,-0.050159286707639694,0.2589491009712219,9.374410314646429e-05,,
30,705344,30508.017195118442,35426.44077105423,2285.276243367397,47405.759423962816,12015.933261569618,23319.6,705344,0.0002619016740936786,0.0,-6.335515069961548,0.08512865602970124,-0.0007291343514136628,-0.04726316034793854,0.5294538736343384,9.374410314646429e-05,,
30,708640,30508.017195118442,35426.44077105423,2285.276243367397,47405.759423962816,12015.933261569618,23319.6,708640,0.0001567603467265144,0.0,-6.22746729850769,0.05377692095935345,-0.0007547151448704881,-0.053617917001247406,0.3988427519798279,9.374410314646429e-05,,
30,711936,30508.017195118442,35426.44077105423,2285.276243367397,47405.759423962816,12015.933261569618,23319.6,711936,0.0003124356153421104,0.0,-6.258440351486206,0.04819939285516739,-0.00104698086852828,-0.056664228439331055,0.6717755794525146,9.374410314646429e-05,,
30,715232,30508.017195118442,35426.44077105423,2285.276243367397,47405.759423962816,12015.933261569618,23319.6,715232,0.0002982808218803257,0.0,-6.337884998321533,0.08013161942362786,-0.0007035408227715756,-0.04526291415095329,0.4273965358734131,9.374410314646429e-05,,
30,718528,30508.017195118442,35426.44077105423,2285.276243367397,47405.759423962816,12015.933261569618,23319.6,718528,0.0007910938002169132,0.0,-6.354728555679321,0.05252423174679279,-0.0013879486237448058,-0.05500652268528938,0.48722678422927856,9.374410314646429e-05,,
31,721824,30597.504991928898,34872.456340564764,2285.276243367397,47405.759423962816,11830.696903051963,23265.290322580644,721824,0.00030308921122923493,0.0,-6.386906862258911,0.08715132623910904,-0.0006564235641597805,-0.05025595426559448,0.4087807536125183,9.374410314646429e-05,,
31,725120,30597.504991928898,34872.456340564764,2285.276243367397,47405.759423962816,11830.696903051963,23265.290322580644,725120,0.0006864013848826289,0.0,-6.318516683578491,0.1362255819141865,-0.001657031240283402,-0.03382732719182968,0.44030338525772095,9.374410314646429e-05,,
31,728416,30597.504991928898,34872.456340564764,2285.276243367397,47405.759423962816,11830.696903051963,23265.290322580644,728416,0.00024488582857884467,0.0,-6.305713415145874,0.08083251789212227,-0.0009812352940906655,-0.049068089574575424,0.7215890884399414,9.374410314646429e-05,,
31,731712,30597.504991928898,34872.456340564764,2285.276243367397,47405.759423962816,11830.696903051963,23265.290322580644,731712,0.0004028871771879494,0.0,-6.256602811813354,0.07100077271461487,-0.0010548095251968093,-0.04787459596991539,0.5607334971427917,9.374410314646429e-05,,
31,735008,30597.504991928898,34872.456340564764,2285.276243367397,47405.759423962816,11830.696903051963,23265.290322580644,735008,0.00038551565376110375,0.0,-6.273133182525635,0.07813047990202904,-0.0012498559071247195,-0.046505801379680634,0.4860410690307617,9.374410314646429e-05,,
31,738304,30597.504991928898,34872.456340564764,2285.276243367397,47405.759423962816,11830.696903051963,23265.290322580644,738304,0.0003256977943237871,0.0,-6.32941575050354,0.1029825672507286,-0.0007717338313182331,-0.04059382528066635,0.25975513458251953,9.374410314646429e-05,141156.86633679998,4668.089493956217
32,741600,30453.225121711515,34460.135016436456,2285.276243367397,47405.759423962816,11672.051572386928,23072.03125,741600,0.001716575468890369,0.0,-6.355336999893188,0.12015282437205314,-0.002609744219949173,-0.03943648561835289,0.0969889760017395,9.374410314646429e-05,,
32,744896,30453.225121711515,34460.135016436456,2285.276243367397,47405.759423962816,11672.051572386928,23072.03125,744896,0.0009897174313664436,0.0,-6.302452754974365,0.06641709730029106,-0.0018117704486940057,-0.05206215754151344,0.624099612236023,9.374410314646429e-05,,
32,748192,30453.225121711515,34460.135016436456,2285.276243367397,47405.759423962816,11672.051572386928,23072.03125,748192,0.00037939101457595825,0.0,-6.299225664138794,0.07300318703055382,-0.001271080612250186,-0.048666857182979584,0.5793343782424927,9.374410314646429e-05,,
32,751488,30453.225121711515,34460.135016436456,2285.276243367397,47405.759423962816,11672.051572386928,23072.03125,751488,0.00029669239302165806,0.0,-6.237124443054199,0.10479392260313034,-0.0008943527425817166,-0.03769577294588089,0.5277820825576782,9.374410314646429e-05,,
33,754784,30225.65572988105,34047.813692308155,2285.276243367397,47405.759423962816,11565.708404383253,22826.666666666668,754784,0.0005341280484572053,0.0,-6.303856277465821,0.045725385472178456,-0.001368154377862485,-0.056734371930360794,0.4225277900695801,9.374410314646429e-05,,
33,758080,30225.65572988105,34047.813692308155,2285.276243367397,47405.759423962816,11565.708404383253,22826.666666666668,758080,0.00021777377696707845,0.0,-6.378123664855957,0.06169402934610844,-0.0007926595743219522,-0.05454232171177864,-0.005257725715637207,9.374410314646429e-05,,
33,761376,30225.65572988105,34047.813692308155,2285.276243367397,47405.759423962816,11565.708404383253,22826.666666666668,761376,0.0004137929354328662,0.0,-6.348440456390381,0.09940100610256195,-0.0012889700718305974,-0.04689887911081314,0.18449056148529053,9.374410314646429e-05,,
33,764672,30225.65572988105,34047.813692308155,2285.276243367397,47405.759423962816,11565.708404383253,22826.666666666668,764672,0.00016097903426270932,0.0,-6.313023805618286,0.09233023151755333,-0.0008506464693478933,-0.04552599787712097,0.6946025490760803,9.374410314646429e-05,,
33,767968,30225.65572988105,34047.813692308155,2285.276243367397,47405.759423962816,11565.708404383253,22826.666666666668,767968,0.00035956522333435714,0.0,-6.358113861083984,0.14113416224718095,-0.0011958183101757002,-0.031359583139419556,0.5406124591827393,9.374410314646429e-05,,
33,771264,30225.65572988105,34047.813692308155,2285.276243367397,47405.759423962816,11565.708404383253,22826.666666666668,771264,0.0003304896818008274,0.0,-6.333804512023926,0.11025798618793488,-0.001060178938446943,-0.038933634757995605,0.5949834585189819,9.374410314646429e-05,,
34,774560,30194.00541556159,33664.97629427531,2285.276243367397,47405.759423962816,11395.805619653123,22719.441176470587,774560,0.0006847408949397504,0.0,-6.319795989990235,0.07247752472758293,-0.001359279226532628,-0.050188660621643066,0.44010698795318604,9.374410314646429e-05,,
34,777856,30194.00541556159,33664.97629427531,2285.276243367397,47405.759423962816,11395.805619653123,22719.441176470587,777856,0.0005914511857554317,0.0,-6.328383207321167,0.054743563383817674,-0.0015749052617906045,-0.06068123131990433,0.39030367136001587,9.374410314646429e-05,,
34,781152,30194.00541556159,33664.97629427531,2285.276243367397,47405.759423962816,11395.805619653123,22719.441176470587,781152,0.0005426749703474343,0.0,-6.296856164932251,0.08720768466591836,-0.001433571041940329,-0.04641995579004288,0.4724804759025574,9.374410314646429e-05,,
34,784448,30194.00541556159,33664.97629427531,2285.276243367397,47405.759423962816,11395.805619653123,22719.441176470587,784448,0.00033527115010656416,0.0,-6.312417697906494,0.07011693567037583,-0.0008948105825007602,-0.051734209060668945,0.2653478980064392,9.374410314646429e-05,,
34,787744,30194.00541556159,33664.97629427531,2285.276243367397,47405.759423962816,11395.805619653123,22719.441176470587,787744,0.0007133277831599116,0.0,-6.31986665725708,0.05697638355195522,-0.0012311748112551868,-0.05416596308350563,0.1015283465385437,9.374410314646429e-05,,
35,791040,30061.571668346693,33282.13889624246,2285.276243367397,47405.759423962816,11258.34314683857,22555.257142857143,791040,0.0003785922017414123,0.0,-6.364691257476807,0.08883828669786453,-0.0008868655988249152,-0.04463803395628929,0.30974680185317993,9.374410314646429e-05,149067.3909342,11530.422116700507
36,794336,29296.89981826316,33069.85164949234,2285.276243367397,47405.759423962816,11987.274725828665,21973.36111111111,794336,0.0003721669199876487,0.0,-6.39214334487915,0.0643976390361786,-0.0012503170532847108,-0.05820698291063309,0.23731189966201782,9.374410314646429e-05,,
36,797632,29296.89981826316,33069.85164949234,2285.276243367397,47405.759423962816,11987.274725828665,21973.36111111111,797632,0.00018727354472503066,0.0,-6.307090902328492,0.08926007077097893,-0.0009117662104313418,-0.043863847851753235,0.5163474082946777,9.374410314646429e-05,,
36,800928,29296.89981826316,33069.85164949234,2285.276243367397,47405.759423962816,11987.274725828665,21973.36111111111,800928,0.0002214432752225548,0.0,-6.29291410446167,0.08888643831014634,-0.0008068231518777224,-0.046047694981098175,0.6133118867874146,9.374410314646429e-05,,
36,804224,29296.89981826316,33069.85164949234,2285.276243367397,47405.759423962816,11987.274725828665,21973.36111111111,804224,0.0002587122144177556,0.0,-6.27366681098938,0.12525562942028046,-0.0012418159587873844,-0.03900086134672165,0.5990492701530457,9.374410314646429e-05,,
36,807520,29296.89981826316,33069.85164949234,2285.276243367397,47405.759423962816,11987.274725828665,21973.36111111111,807520,0.00026386204990558326,0.0,-6.337462615966797,0.09591330513358116,-0.001165074936000665,-0.04636808857321739,0.7154908180236816,9.374410314646429e-05,,
37,810816,29336.389253848087,32857.564402742224,2285.276243367397,47405.759423962816,11826.548620572203,21880.135135135137,810816,0.0003452418895903975,0.0,-6.352656650543213,0.10833670496940613,-0.0010489443369753105,-0.042138971388339996,-0.04925346374511719,9.374410314646429e-05,,
37,814112,29336.389253848087,32857.564402742224,2285.276243367397,47405.759423962816,11826.548620572203,21880.135135135137,814112,0.00018384517170488834,0.0,-6.354343843460083,0.07449596226215363,-0.0009311957247369662,-0.05040404945611954,0.4787940979003906,9.374410314646429e-05,,
37,817408,29336.389253848087,32857.564402742224,2285.276243367397,47405.759423962816,11826.548620572203,21880.135135135137,817408,0.000115790287964046,0.0,-6.329325246810913,0.07934293895959854,-0.0010585377734757984,-0.048681698739528656,0.14164143800735474,9.374410314646429e-05,,
38,820704,28932.33482055145,32447.686207999486,2285.276243367397,47405.759423962816,11925.90267263237,21540.394736842107,820704,0.0002226033975603059,0.0,-6.34308500289917,0.05891410298645496,-0.000804369452331244,-0.05243406444787979,0.23212414979934692,9.374410314646429e-05,,
38,824000,28932.33482055145,32447.686207999486,2285.276243367397,47405.759423962816,11925.90267263237,21540.394736842107,824000,0.00015303822874557227,0.0,-6.331062841415405,0.06010810658335686,-0.0007866326476396069,-0.05437680706381798,0.4256711006164551,9.374410314646429e-05,,
38,827296,28932.33482055145,32447.686207999486,2285.276243367397,47405.759423962816,11925.90267263237,21540.394736842107,827296,0.00020245647465344518,0.0,-6.278052473068238,0.03863275945186615,-0.0009217887307757134,-0.05726895481348038,0.5427326560020447,9.374410314646429e-05,,
38,830592,28932.33482055145,32447.686207999486,2285.276243367397,47405.759423962816,11925.90267263237,21540.394736842107,830592,0.0005942595307715237,0.0,-6.279769372940064,0.06388210281729698,-0.001883564032224294,-0.05222925916314125,0.6583340167999268,9.374410314646429e-05,,
38,833888,28932.33482055145,32447.686207999486,2285.276243367397,47405.759423962816,11925.90267263237,21540.394736842107,833888,0.0003831754729617387,0.0,-6.325600814819336,0.08855397552251816,-0.001381714326949468,-0.045496828854084015,0.5976265668869019,9.374410314646429e-05,,
38,837184,28932.33482055145,32447.686207999486,2285.276243367397,47405.759423962816,11925.90267263237,21540.394736842107,837184,0.0002950718335341662,0.0,-6.346305799484253,0.145611572265625,-0.0014870758251754879,-0.03035704791545868,0.27535367012023926,9.374410314646429e-05,,
38,840480,28932.33482055145,32447.686207999486,2285.276243367397,47405.759423962816,11925.90267263237,21540.394736842107,840480,0.0003253262839280069,0.0,-6.340411567687989,0.11578930392861367,-0.0010330689943269355,-0.03646206855773926,0.5110127925872803,9.374410314646429e-05,,
38,843776,28932.33482055145,32447.686207999486,2285.276243367397,47405.759423962816,11925.90267263237,21540.394736842107,843776,0.0003708924341481179,0.0,-6.354337453842163,0.06294951811432839,-0.0014940147652930502,-0.053554192185401917,0.6185936331748962,9.374410314646429e-05,151862.28544,7723.908733013032
39,847072,29237.852782002377,32857.564402742224,2285.276243367397,47405.759423962816,11921.714263539372,21635.30769230769,847072,0.0017122854478657246,0.0,-6.322186136245728,0.0336284501478076,-0.0019572961894491316,-0.062013693153858185,0.5618935823440552,9.374410314646429e-05,,
39,850368,29237.852782002377,32857.564402742224,2285.276243367397,47405.759423962816,11921.714263539372,21635.30769230769,850368,0.0006083461921662092,0.0,-6.302311849594116,0.08223138600587845,-0.0011463107956427576,-0.04562390223145485,0.42548060417175293,9.374410314646429e-05,,
39,853664,29237.852782002377,32857.564402742224,2285.276243367397,47405.759423962816,11921.714263539372,21635.30769230769,853664,0.00046767128515057266,0.0,-6.333756828308106,0.04347956646233797,-0.001671974150703015,-0.062142264097929,0.04029238224029541,9.374410314646429e-05,,
39,856960,29237.852782002377,32857.564402742224,2285.276243367397,47405.759423962816,11921.714263539372,21635.30769230769,856960,0.0004920584615319967,0.0,-6.33382396697998,0.09949410930275918,-0.001904042559343555,-0.044533051550388336,0.4161871075630188,9.374410314646429e-05,,
39,860256,29237.852782002377,32857.564402742224,2285.276243367397,47405.759423962816,11921.714263539372,21635.30769230769,860256,0.0003322846896480769,0.0,-6.335830450057983,0.05985981486737728,-0.0012750370503692653,-0.053778380155563354,0.6369962692260742,9.374410314646429e-05,,
39,863552,29237.852782002377,32857.564402742224,2285.276243367397,47405.759423962816,11921.714263539372,21635.30769230769,863552,0.00035770429531112313,0.0,-6.347132396697998,0.07297046408057213,-0.0011198883940699122,-0.04961150512099266,0.5555235147476196,9.374410314646429e-05,,
40,866848,29337.79648063659,33046.582565056655,2285.276243367397,47405.759423962816,11788.284446004514,21617.425,866848,0.00035321919131092727,0.0,-6.3386438369750975,0.04660545475780964,-0.0009090424946566422,-0.055870573967695236,0.5513498783111572,9.374410314646429e-05,,
40,870144,29337.79648063659,33046.582565056655,2285.276243367397,47405.759423962816,11788.284446004514,21617.425,870144,0.00018095299310516566,0.0,-6.329110050201416,0.11872570589184761,-0.0008226331657584796,-0.038128562271595,0.4155513644218445,9.374410314646429e-05,,
40,873440,29337.79648063659,33046.582565056655,2285.276243367397,47405.759423962816,11788.284446004514,21617.425,873440,0.0006224563694559038,0.0,-6.358184671401977,0.12438401877880097,-0.0019812955267730636,-0.0356825515627861,0.4338112473487854,9.374410314646429e-05,,
40,876736,29337.79648063659,33046.582565056655,2285.276243367397,47405.759423962816,11788.284446004514,21617.425,876736,0.00033737646299414337,0.0,-6.359749031066895,0.07605795487761498,-0.00031649802417055284,-0.04767361283302307,0.4537001848220825,9.374410314646429e-05,,
40,880032,29337.79648063659,33046.582565056655,2285.276243367397,47405.759423962816,11788.284446004514,21617.425,880032,0.001092500751838088,0.0,-6.343666458129883,0.053166919574141505,-0.0020889932558153745,-0.05655040591955185,0.40482842922210693,9.374410314646429e-05,,
40,883328,29337.79648063659,33046.582565056655,2285.276243367397,47405.759423962816,11788.284446004514,21617.425,883328,0.0009256876655854285,0.0,-6.362726020812988,0.04982596375048161,-0.0015142959615189965,-0.05666062980890274,0.5295801758766174,9.374410314646429e-05,,
41,886624,29411.471424964784,32857.564402742224,2285.276243367397,47405.759423962816,11652.95725364687,21595.439024390245,886624,0.0005934518994763494,0.0,-6.377920293807984,0.08827001377940177,-0.001010924069482755,-0.04787580668926239,0.5695457458496094,9.374410314646429e-05,,
41,889920,29411.471424964784,32857.564402742224,2285.276243367397,47405.759423962816,11652.95725364687,21595.439024390245,889920,0.0007502711960114539,0.0,-6.3226141929626465,0.07653737664222718,-0.001585795398371026,-0.04963594675064087,0.6305835843086243,9.374410314646429e-05,,
41,893216,29411.471424964784,32857.564402742224,2285.276243367397,47405.759423962816,11652.95725364687,21595.439024390245,893216,0.0002666629443410784,0.0,-6.290222072601319,0.06168750673532486,-0.001052768164875495,-0.05134683847427368,0.7044889330863953,9.374410314646429e-05,,
41,896512,29411.471424964784,32857.564402742224,2285.276243367397,47405.759423962816,11652.95725364687,21595.439024390245,896512,0.0003611033025663346,0.0,-6.294636297225952,0.09073591753840446,-0.0014851270338536616,-0.045814961194992065,0.7020900249481201,9.374410314646429e-05,146061.9817992,18984.136839049555
42,899808,29146.052171556796,32608.01680041739,2285.276243367397,47405.759423962816,11638.15391131516,21345.54761904762,899808,0.0001785552012734115,0.0,-6.311725854873657,0.08077515587210655,-0.0007223920459173527,-0.045118384063243866,0.5936346650123596,9.374410314646429e-05,,
42,903104,29146.052171556796,32608.01680041739,2285.276243367397,47405.759423962816,11638.15391131516,21345.54761904762,903104,0.00017523224232718349,0.0,-6.312538003921508,0.09727766364812851,-0.0009285372953280691,-0.04058133810758591,0.5601159930229187,9.374410314646429e-05,,
42,906400,29146.052171556796,32608.01680041739,2285.276243367397,47405.759423962816,11638.15391131516,21345.54761904762,906400,0.00018906875629909337,0.0,-6.294215059280395,0.05781390890479088,-0.0008470904014244773,-0.05219775810837746,0.84315025806427,9.374410314646429e-05,,
42,909696,29146.052171556796,32608.01680041739,2285.276243367397,47405.759423962816,11638.15391131516,21345.54761904762,909696,0.0002586226037237793,0.0,-6.348908376693726,0.057046344876289366,-0.0011344661593275518,-0.055077698081731796,0.689183235168457,9.374410314646429e-05,,
43,912992,29055.497221683087,32358.46919809256,2285.276243367397,47405.759423962816,11516.992370994994,21223.093023255813,912992,0.00030435723601840436,0.0,-6.326625776290894,0.04934778027236462,-0.0012203095563802168,-0.05547734349966049,0.6735063791275024,9.374410314646429e-05,,
43,916288,29055.497221683087,32358.46919809256,2285.276243367397,47405.759423962816,11516.992370994994,21223.093023255813,916288,0.00025988832931034267,0.0,-6.342156171798706,0.055583159998059274,-0.0006834920002131373,-0.05248814821243286,0.5465579032897949,9.374410314646429e-05,,
43,919584,29055.497221683087,32358.46919809256,2285.276243367397,47405.759423962816,11516.992370994994,21223.093023255813,919584,0.00019803525356110185,0.0,-6.3201628684997555,0.06269836202263832,-0.0010547483995165586,-0.05220933258533478,0.2871605157852173,9.374410314646429e-05,,
43,922880,29055.497221683087,32358.46919809256,2285.276243367397,47405.759423962816,11516.992370994994,21223.093023255813,922880,0.00028241207473911345,0.0,-6.325397253036499,0.09166506305336952,-0.0014867772331271345,-0.048549652099609375,0.5528914928436279,9.374410314646429e-05,,
43,926176,29055.497221683087,32358.46919809256,2285.276243367397,47405.759423962816,11516.992370994994,21223.093023255813,926176,0.0002414202899672091,0.0,-6.294230794906616,0.21831677109003067,-0.0007620426265578572,-0.014336701482534409,0.4934183955192566,9.374410314646429e-05,,
43,929472,29055.497221683087,32358.46919809256,2285.276243367397,47405.759423962816,11516.992370994994,21223.093023255813,929472,0.00017670610395725816,0.0,-6.307093620300293,0.07507273592054844,-0.0007163826408288276,-0.04972865432500839,0.6982206106185913,9.374410314646429e-05,,
43,932768,29055.497221683087,32358.46919809256,2285.276243367397,47405.759423962816,11516.992370994994,21223.093023255813,932768,0.00022209956659935415,0.0,-6.297597122192383,0.07461260855197907,-0.001249223390059484,-0.049052901566028595,0.6179547309875488,9.374410314646429e-05,,
44,936064,29243.27039711202,32608.01680041739,2285.276243367397,47405.759423962816,11451.753989236684,21243.045454545456,936064,0.00022733719379175454,0.0,-6.317092180252075,0.09132169187068939,-0.0008590168410202992,-0.044041410088539124,0.38774746656417847,9.374410314646429e-05,,
44,939360,29243.27039711202,32608.01680041739,2285.276243367397,47405.759423962816,11451.753989236684,21243.045454545456,939360,0.00013174362538848072,0.0,-6.308806657791138,0.07024478167295456,-0.0007032065033320212,-0.049055315554142,0.5691083669662476,9.374410314646429e-05,,
44,942656,29243.27039711202,32608.01680041739,2285.276243367397,47405.759423962816,11451.753989236684,21243.045454545456,942656,0.00023328186944127083,0.0,-6.3204272270202635,0.05220545753836632,-0.0013081337537196092,-0.054472871124744415,0.6001275777816772,9.374410314646429e-05,,
44,945952,29243.27039711202,32608.01680041739,2285.276243367397,47405.759423962816,11451.753989236684,21243.045454545456,945952,0.00031733186915516853,0.0,-6.3142002582550045,0.07577051147818566,-0.0011455688054729408,-0.049339137971401215,0.621910810470581,9.374410314646429e-05,,
44,949248,29243.27039711202,32608.01680041739,2285.276243367397,47405.759423962816,11451.753989236684,21243.045454545456,949248,0.0006758412928320467,0.0,-6.31326961517334,0.09655348882079125,-0.001656933080713552,-0.0425080731511116,0.5843262672424316,9.374410314646429e-05,160421.9324748,17894.725026627493
45,952544,29123.249632478117,32358.46919809256,2285.276243367397,47405.759423962816,11351.74908023495,21094.422222222223,952544,0.0013883361825719476,0.0,-6.322429847717285,0.05422164909541607,-0.0014977405974031077,-0.05422535538673401,0.4108048677444458,9.374410314646429e-05,,
45,955840,29123.249632478117,32358.46919809256,2285.276243367397,47405.759423962816,11351.74908023495,21094.422222222223,955840,0.0001580668758833781,0.0,-6.297321701049805,0.07462605535984039,-0.0008991918504903218,-0.04679266735911369,0.4647939205169678,9.374410314646429e-05,,
46,959136,28825.019894169207,32198.138605674656,2285.276243367397,47405.759423962816,11404.525365272013,20836.717391304348,959136,0.00017012300668284297,0.0,-6.307125425338745,0.06519681066274643,-0.0009905761262257507,-0.05031739920377731,0.464441180229187,9.374410314646429e-05,,
46,962432,28825.019894169207,32198.138605674656,2285.276243367397,47405.759423962816,11404.525365272013,20836.717391304348,962432,0.00015308147703763098,0.0,-6.326908588409424,0.09678600281476975,-0.0005866656929585546,-0.043963417410850525,0.20410948991775513,9.374410314646429e-05,,
46,965728,28825.019894169207,32198.138605674656,2285.276243367397,47405.759423962816,11404.525365272013,20836.717391304348,965728,0.00029636177350766957,0.0,-6.306347179412842,0.10481511875987053,-0.0013211294932932826,-0.0401347279548645,0.6345432996749878,9.374410314646429e-05,,
46,969024,28825.019894169207,32198.138605674656,2285.276243367397,47405.759423962816,11404.525365272013,20836.717391304348,969024,0.00023601327848155051,0.0,-6.290497589111328,0.07537032887339593,-0.0010574361358575146,-0.04760825261473656,0.48906129598617554,9.374410314646429e-05,,
47,972320,28599.00982890964,32037.80801325675,2285.276243367397,47405.759423962816,11386.202263546462,20626.27659574468,972320,0.0002959053381346166,0.0,-6.298611259460449,0.08879153877496719,-0.0012258169212993053,-0.04494578018784523,0.4850097894668579,9.374410314646429e-05,,
47,975616,28599.00982890964,32037.80801325675,2285.276243367397,47405.759423962816,11386.202263546462,20626.27659574468,975616,0.00019375368719920516,0.0,-6.2852356910705565,0.08119248673319816,-0.0008991186280979058,-0.046274591237306595,0.352771520614624,9.374410314646429e-05,,
47,978912,28599.00982890964,32037.80801325675,2285.276243367397,47405.759423962816,11386.202263546462,20626.27659574468,978912,0.0002576784463599324,0.0,-6.280436563491821,0.08549206629395485,-0.0011326491568891318,-0.045079879462718964,0.5705515146255493,9.374410314646429e-05,,
47,982208,28599.00982890964,32037.80801325675,2285.276243367397,47405.759423962816,11386.202263546462,20626.27659574468,982208,0.0001779776648618281,0.0,-6.336647701263428,0.08710206300020218,-0.0008946293253368154,-0.04503737390041351,0.598874568939209,9.374410314646429e-05,,
48,985504,28522.122439285904,31397.908474081116,2285.276243367397,47405.759423962816,11279.295211453396,20501.979166666668,985504,0.00018345392891205847,0.0,-6.288989782333374,0.12317481786012649,-0.0005905136579333004,-0.036126758903265,0.45105332136154175,9.374410314646429e-05,,
48,988800,28522.122439285904,31397.908474081116,2285.276243367397,47405.759423962816,11279.295211453396,20501.979166666668,988800,0.00021650083363056183,0.0,-6.299934244155883,0.09867006614804268,-0.0009474581473484956,-0.04099281132221222,0.5257095098495483,9.374410314646429e-05,,
48,992096,28522.122439285904,31397.908474081116,2285.276243367397,47405.759423962816,11279.295211453396,20501.979166666668,992096,0.00029212323715910316,0.0,-6.256511068344116,0.11665257215499877,-0.0013386728987507368,-0.04037424176931381,0.5233720541000366,9.374410314646429e-05,,
48,995392,28522.122439285904,31397.908474081116,2285.276243367397,47405.759423962816,11279.295211453396,20501.979166666668,995392,0.00029367144452407956,0.0,-6.312309837341308,0.07460391744971276,-0.0009770566725651908,-0.048306360840797424,0.5117789506912231,9.374410314646429e-05,,
48,998688,28522.122439285904,31397.908474081116,2285.276243367397,47405.759423962816,11279.295211453396,20501.979166666668,998688,0.0005140453577041626,0.0,-6.28133487701416,0.06207511983811855,-0.0013128422138939833,-0.051703937351703644,0.512003481388092,9.374410314646429e-05,,
48,1001984,28522.122439285904,31397.908474081116,2285.276243367397,47405.759423962816,11279.295211453396,20501.979166666668,1001984,0.0004677316755987704,0.0,-6.310669326782227,0.06951318606734276,-0.0014071493475411145,-0.050375357270240784,0.588628888130188,9.374410314646429e-05,162863.046508,24929.7921263741
